{
    "Robocittykat": {
        "pass": "-0.9067791778486455",
        "accountCreated": {
            "year": 2026,
            "month": 3,
            "day": 7
        }
    },
    "Firepaw10000": {
        "pass": "0.14514589575205494",
        "accountCreated": {
            "year": 2026,
            "month": 3,
            "day": 7
        }
    }
}