{
    "Robocittykat": {
        "pass": "-0.8348517978291875",
        "accountCreated": {
            "year": 2026,
            "month": 3,
            "day": 1
        }
    },
    "Firepaw10000": {
        "pass": "-0.6997925285326829",
        "accountCreated": {
            "year": 2026,
            "month": 3,
            "day": 1
        }
    },
    "JohnAnderson": {
        "pass": "0.9654211290899837",
        "accountCreated": {
            "year": 2026,
            "month": 3,
            "day": 1
        }
    },
    "test": {
        "pass": "0.7133293851331317",
        "accountCreated": {
            "year": 2026,
            "month": 3,
            "day": 1
        }
    },
    "dumbUsername": {
        "pass": "-0.47585107814294403",
        "accountCreated": {
            "year": 2026,
            "month": 3,
            "day": 6
        }
    },
    "ago08": {
        "pass": "0.9356098782845558",
        "accountCreated": {
            "year": 2026,
            "month": 3,
            "day": 6
        }
    },
    "22carrots23": {
        "pass": "-0.6248879847146285",
        "accountCreated": {
            "year": 2026,
            "month": 3,
            "day": 6
        }
    }
}